<engine name="dsa" filename="dsa.sql">

    <!-- utilities : QoS metrics -->
    <utilities>
        <utility name="interference" units="dB" goal="min" /> 
    </utilities>

    <!-- radio parameters -->
    <parameters>
        <parameter name="channel" units="none" min="1" max="4" step="1">
            <affect utility="interference" relationship="n/a" />
        </parameter>
    </parameters>

    <!-- link/channel observations -->
    <observables>
        <observable name="energy">
            <affect utility="interference" relationship="n/a" />
        </observable>
        <observable name="communication_time">
            <affect utility="interference" relationship="n/a" />
        </observable>
    </observables>
</engine>
