<!--
This is an example XML file to interface with our cognitive engine.
The library shall create a new table "myengine" with the following cols:
  throughput spectral_efficiency log10_ber mod_scheme tx_power SNR
-->
<engine name="myengine" filename="myengine.sql">

    <!-- utilities : QoS metrics -->
    <utilities>
        <utility name="biterrorrate" units="" goal="min" target=".025" /> 
    </utilities>

    <!-- radio parameters -->
    <parameters>
        <parameter name="tx_power" units="dBm" min="1" max="255" step="1">
            <affect utility="biterrorrate" relationship="improve"/>
        </parameter>
    </parameters>

    <!-- link/channel observations -->
    <observables>
        <observable name="ber">
            <affect utility="biterrorrate" relationship="improve" />
        </observable>
    </observables>
</engine>
