<!--
This is an example XML file to interface with our cognitive engine.
The library shall create a new table "myengine" with the following cols:
  throughput spectral_efficiency log10_ber mod_scheme tx_power SNR
-->
<engine name="myengine" filename="myengine.sql">

    <!-- utilities : QoS metrics -->
    <utilities>
        <utility name="tp" units="kbps" goal="max" target="125000" /> 
        <utility name="packet_error" units="none" goal="min" target="1" />
    </utilities>

    <!-- radio parameters -->
    <parameters>
        <parameter name="bandwidth" units="hz" min="1" max="255" step="1">
            <affect utility="tp" relationship="improve" />
        </parameter>
        <parameter name="tx_power" units="dBm" min="1" max="255" step="1">
            <affect utility="packet_error" relationship="improve"/>
        </parameter>
    </parameters>

    <!-- link/channel observations -->
    <observables>
        <observable name="throughput">
            <affect utility="tp" relationship="improve" />
        </observable>
        <observable name="PER">
            <affect utility="packet_error" relationship="improve" />
        </observable>
    </observables>
</engine>
