<!--
This is an example XML file to interface with our cognitive engine.
The library shall create a new table "myengine" with the following cols:
  throughput spectral_efficiency log10_ber mod_scheme tx_power SNR
-->
<engine name="myengine" filename="myengine.sql">

    <!-- utilities : QoS metrics -->
    <utilities>
        <utility name="throughput" units="kbps" goal="max" target="125" />
        <utility name="spectral_efficiency" units="b/s/Hz" goal="max" />
        <utility name="log10_ber" units="none" goal="min" target="-3" />
    </utilities>

    <!-- radio parameters -->
    <parameters>
        <parameter name="mod_scheme" min="1" max="4" step="1">
            <!-- BPSK, QPSK, 8-PSK, 16-QAM -->
            <affect utility="throughput" relationship="improve" />
            <affect utility="spectral_efficiency" relationship="improve" />
            <affect utility="log10_ber" relationship="degrade" />
        </parameter>
        <parameter name="tx_power" units="dBm" min="-30.0" max="0.0" step="0.1">
            <affect utility="log10_ber" relationship="improve"/>
        </parameter>
    </parameters>

    <!-- link/channel observations -->
    <observables>
        <observable name="SNR">
            <affect utility="log10_ber" relationship="improve" />
        </observable>
    </observables>
</engine>
